index,url
1,https://dixy.ru/catalog/skidki-po-karte/
2,https://dixy.ru/catalog/skidki-po-karte/bakaleya/
3,https://dixy.ru/catalog/skidki-po-karte/voda-soki-napitki/
4,https://dixy.ru/catalog/skidki-po-karte/dlya-zdorovogo-pitaniya/
5,https://dixy.ru/catalog/skidki-po-karte/zamorojennye-produkty/
6,https://dixy.ru/catalog/skidki-po-karte/konditerskie-izdeliya-torty/
7,https://dixy.ru/catalog/skidki-po-karte/konservy/
8,https://dixy.ru/catalog/skidki-po-karte/molochnye-produkty-yaytsa/
9,https://dixy.ru/catalog/skidki-po-karte/myasnaya-gastronomiya/
10,https://dixy.ru/catalog/skidki-po-karte/myaso-ptitsa/
11,https://dixy.ru/catalog/skidki-po-karte/ovoshchi-frukty/
12,https://dixy.ru/catalog/skidki-po-karte/ryba-moreprodukty-ikra/
13,https://dixy.ru/catalog/skidki-po-karte/sousy-spetsii/
14,https://dixy.ru/catalog/skidki-po-karte/syry/
15,https://dixy.ru/catalog/skidki-po-karte/chay-kofe-kakao/
16,https://dixy.ru/catalog/ovoshchi-frukty/
17,https://dixy.ru/catalog/ovoshchi-frukty/frukty/
18,https://dixy.ru/catalog/ovoshchi-frukty/ovoshchi/
19,https://dixy.ru/catalog/ovoshchi-frukty/zelen-i-salaty/
20,https://dixy.ru/catalog/ovoshchi-frukty/griby/
21,https://dixy.ru/catalog/ovoshchi-frukty/yagody/
22,https://dixy.ru/catalog/ovoshchi-frukty/ekzotika/
23,https://dixy.ru/catalog/ovoshchi-frukty/nasha-marka/
24,https://dixy.ru/catalog/gotovaya-eda/
25,https://dixy.ru/catalog/gotovaya-eda/nasha-marka/
26,https://dixy.ru/catalog/gotovaya-eda/svejaya-vypechka/
27,https://dixy.ru/catalog/gotovaya-eda/zavtraki/
28,https://dixy.ru/catalog/gotovaya-eda/pervye-blyuda/
29,https://dixy.ru/catalog/gotovaya-eda/vtorye-blyuda/
30,https://dixy.ru/catalog/gotovaya-eda/salaty-zakuski/
31,https://dixy.ru/catalog/gotovaya-eda/sushi-rolly/
32,https://dixy.ru/catalog/gotovaya-eda/sendvichi/
33,https://dixy.ru/catalog/gotovaya-eda/shaurma/
34,https://dixy.ru/catalog/gotovaya-eda/sendvichi-i-vypechka/
35,https://dixy.ru/catalog/gotovaya-eda/torty-deserty/
36,https://dixy.ru/catalog/gotovaya-eda/napitki/
37,https://dixy.ru/catalog/gotovaya-eda/gotovaya-pitstsa/
38,https://dixy.ru/catalog/voda-soki-napitki/
39,https://dixy.ru/catalog/voda-soki-napitki/voda-s-gazom/
40,https://dixy.ru/catalog/voda-soki-napitki/voda-bez-gaza/
41,https://dixy.ru/catalog/voda-soki-napitki/napitki-limonady/
42,https://dixy.ru/catalog/voda-soki-napitki/soki-nektary/
43,https://dixy.ru/catalog/voda-soki-napitki/kvas/
44,https://dixy.ru/catalog/voda-soki-napitki/morsy-kiseli-kompoty/
45,https://dixy.ru/catalog/voda-soki-napitki/nasha-marka/
46,https://dixy.ru/catalog/voda-soki-napitki/kholodnyy-chay-kofe/
47,https://dixy.ru/catalog/voda-soki-napitki/pivo-bez-alkogolya/
48,https://dixy.ru/catalog/voda-soki-napitki/vino-bez-alkogolya/
49,https://dixy.ru/catalog/voda-soki-napitki/napitki-dlya-sporta/
50,https://dixy.ru/catalog/voda-soki-napitki/voda-pitevaya/
51,https://dixy.ru/catalog/voda-soki-napitki/kisel/
52,https://dixy.ru/catalog/voda-soki-napitki/kompoty/
53,https://dixy.ru/catalog/voda-soki-napitki/mineralnaya-voda/
54,https://dixy.ru/catalog/voda-soki-napitki/ochakovo/
55,https://dixy.ru/catalog/voda-soki-napitki/toniki/
56,https://dixy.ru/catalog/voda-soki-napitki/energetik/
57,https://dixy.ru/catalog/molochnye-produkty-yaytsa/
58,https://dixy.ru/catalog/molochnye-produkty-yaytsa/nasha-marka/
59,https://dixy.ru/catalog/molochnye-produkty-yaytsa/yogurty-i-tvorojki/
60,https://dixy.ru/catalog/molochnye-produkty-yaytsa/moloko/
61,https://dixy.ru/catalog/molochnye-produkty-yaytsa/yaytso/
62,https://dixy.ru/catalog/molochnye-produkty-yaytsa/morojenoe/
63,https://dixy.ru/catalog/molochnye-produkty-yaytsa/syrki-i-deserty/
64,https://dixy.ru/catalog/molochnye-produkty-yaytsa/dlya-detey/
65,https://dixy.ru/catalog/molochnye-produkty-yaytsa/tvorog/
66,https://dixy.ru/catalog/molochnye-produkty-yaytsa/mayonez/
67,https://dixy.ru/catalog/molochnye-produkty-yaytsa/maslo-i-margarin/
68,https://dixy.ru/catalog/molochnye-produkty-yaytsa/pitevye-yogurty/
69,https://dixy.ru/catalog/molochnye-produkty-yaytsa/smetana/
70,https://dixy.ru/catalog/molochnye-produkty-yaytsa/kefir-i-ryajenka/
71,https://dixy.ru/catalog/molochnye-produkty-yaytsa/slivki/
72,https://dixy.ru/catalog/molochnye-produkty-yaytsa/sgushchennoe-moloko/
73,https://dixy.ru/catalog/molochnye-produkty-yaytsa/molochnye-kokteyli-napitki/
74,https://dixy.ru/catalog/molochnye-produkty-yaytsa/veganskie-napitki/
75,https://dixy.ru/catalog/molochnye-produkty-yaytsa/ayran/
76,https://dixy.ru/catalog/molochnye-produkty-yaytsa/deserty-jele-puding/
77,https://dixy.ru/catalog/molochnye-produkty-yaytsa/kefir/
78,https://dixy.ru/catalog/molochnye-produkty-yaytsa/ryajenka/
79,https://dixy.ru/catalog/molochnye-produkty-yaytsa/tvorojki/
80,https://dixy.ru/catalog/khleb-i-vypechka/
81,https://dixy.ru/catalog/khleb-i-vypechka/belyy-khleb/
82,https://dixy.ru/catalog/khleb-i-vypechka/chernyy-seryy-khleb/
83,https://dixy.ru/catalog/khleb-i-vypechka/vypechka/
84,https://dixy.ru/catalog/khleb-i-vypechka/lepeshki-lavash/
85,https://dixy.ru/catalog/khleb-i-vypechka/khlebtsy/
86,https://dixy.ru/catalog/khleb-i-vypechka/nasha-marka/
87,https://dixy.ru/catalog/khleb-i-vypechka/sushki-sukhari/
88,https://dixy.ru/catalog/chipsy-orekhi-i-sneki/
89,https://dixy.ru/catalog/chipsy-orekhi-i-sneki/sukhariki/
90,https://dixy.ru/catalog/chipsy-orekhi-i-sneki/chipsy/
91,https://dixy.ru/catalog/chipsy-orekhi-i-sneki/orekhi-i-sukhofrukty/
92,https://dixy.ru/catalog/chipsy-orekhi-i-sneki/semechki/
93,https://dixy.ru/catalog/chipsy-orekhi-i-sneki/krekery-i-solomka/
94,https://dixy.ru/catalog/chipsy-orekhi-i-sneki/nasha-marka/
95,https://dixy.ru/catalog/chipsy-orekhi-i-sneki/rybnye-sneki/
96,https://dixy.ru/catalog/chipsy-orekhi-i-sneki/prochie-sneki/
97,https://dixy.ru/catalog/chipsy-orekhi-i-sneki/orekhi/
98,https://dixy.ru/catalog/chipsy-orekhi-i-sneki/sukhofrukty/
99,https://dixy.ru/catalog/syry/
100,https://dixy.ru/catalog/syry/tverdye-syry/
101,https://dixy.ru/catalog/syry/tvorojnyy-syr/
102,https://dixy.ru/catalog/syry/myagkie-kopchenye-syry/
103,https://dixy.ru/catalog/syry/plavlenyy-syr/
104,https://dixy.ru/catalog/syry/nasha-marka/
105,https://dixy.ru/catalog/syry/syry-s-plesenyu/
106,https://dixy.ru/catalog/syry/syrnaya-narezka/
107,https://dixy.ru/catalog/syry/kopchenye-syry/
108,https://dixy.ru/catalog/syry/rassolnye-syry/
109,https://dixy.ru/catalog/myasnaya-gastronomiya/
110,https://dixy.ru/catalog/myasnaya-gastronomiya/sosiski-shpikachki/
111,https://dixy.ru/catalog/myasnaya-gastronomiya/kolbasa-varenaya/
112,https://dixy.ru/catalog/myasnaya-gastronomiya/kolbasa-vyalennaya/
113,https://dixy.ru/catalog/myasnaya-gastronomiya/kolbasa-vareno--kopchenaya/
114,https://dixy.ru/catalog/myasnaya-gastronomiya/myasnye-delikatesy/
115,https://dixy.ru/catalog/myasnaya-gastronomiya/vetchina/
116,https://dixy.ru/catalog/myasnaya-gastronomiya/kolbasa-livernaya/
117,https://dixy.ru/catalog/myasnaya-gastronomiya/nasha-marka/
118,https://dixy.ru/catalog/myasnaya-gastronomiya/myasnye-konservy/
119,https://dixy.ru/catalog/konditerskie-izdeliya-torty/
120,https://dixy.ru/catalog/konditerskie-izdeliya-torty/vafli/
121,https://dixy.ru/catalog/konditerskie-izdeliya-torty/vostochnye-sladosti/
122,https://dixy.ru/catalog/konditerskie-izdeliya-torty/jevachka-ledentsy/
123,https://dixy.ru/catalog/konditerskie-izdeliya-torty/jevatelnye-konfety/
124,https://dixy.ru/catalog/konditerskie-izdeliya-torty/jeleynye-konfety/
125,https://dixy.ru/catalog/konditerskie-izdeliya-torty/zefir-marmelad/
126,https://dixy.ru/catalog/konditerskie-izdeliya-torty/karamel-ledentsy/
127,https://dixy.ru/catalog/konditerskie-izdeliya-torty/konfety/
128,https://dixy.ru/catalog/konditerskie-izdeliya-torty/konfety-v-korobkakh/
129,https://dixy.ru/catalog/konditerskie-izdeliya-torty/konfety-v-upakovke/
130,https://dixy.ru/catalog/konditerskie-izdeliya-torty/konfety-vesovye/
131,https://dixy.ru/catalog/konditerskie-izdeliya-torty/konfety-tryufeli/
132,https://dixy.ru/catalog/konditerskie-izdeliya-torty/krekery/
133,https://dixy.ru/catalog/konditerskie-izdeliya-torty/ledentsy/
134,https://dixy.ru/catalog/konditerskie-izdeliya-torty/marmelad/
135,https://dixy.ru/catalog/konditerskie-izdeliya-torty/nasha-marka/
136,https://dixy.ru/catalog/konditerskie-izdeliya-torty/pechene-pryaniki/
137,https://dixy.ru/catalog/konditerskie-izdeliya-torty/pirojnye/
138,https://dixy.ru/catalog/konditerskie-izdeliya-torty/pryaniki/
139,https://dixy.ru/catalog/konditerskie-izdeliya-torty/torty-pirogi/
140,https://dixy.ru/catalog/konditerskie-izdeliya-torty/shokolad-pasty/
141,https://dixy.ru/catalog/konditerskie-izdeliya-torty/shokoladnaya-pasta/
142,https://dixy.ru/catalog/konditerskie-izdeliya-torty/shokoladnye-konfety/
143,https://dixy.ru/catalog/myaso-ptitsa/
144,https://dixy.ru/catalog/myaso-ptitsa/myaso-ptitsy/
145,https://dixy.ru/catalog/myaso-ptitsa/kotlety-kupaty-shashlyk/
146,https://dixy.ru/catalog/myaso-ptitsa/nasha-marka/
147,https://dixy.ru/catalog/myaso-ptitsa/svinina/
148,https://dixy.ru/catalog/myaso-ptitsa/govyadina/
149,https://dixy.ru/catalog/myaso-ptitsa/farsh/
150,https://dixy.ru/catalog/myaso-ptitsa/indeyka/
151,https://dixy.ru/catalog/myaso-ptitsa/kotlety-polufabrikaty/
152,https://dixy.ru/catalog/myaso-ptitsa/kuritsa/
153,https://dixy.ru/catalog/myaso-ptitsa/steyki/
154,https://dixy.ru/catalog/myaso-ptitsa/subprodukty/
155,https://dixy.ru/catalog/zamorojennye-produkty/
156,https://dixy.ru/catalog/zamorojennye-produkty/gotovaya-eda/
157,https://dixy.ru/catalog/zamorojennye-produkty/bystro-gotovit/
158,https://dixy.ru/catalog/zamorojennye-produkty/morojenoe-i-deserty/
159,https://dixy.ru/catalog/zamorojennye-produkty/pelmeni-khinkali/
160,https://dixy.ru/catalog/zamorojennye-produkty/blinchiki-syrniki/
161,https://dixy.ru/catalog/zamorojennye-produkty/ovoshchi-griby/
162,https://dixy.ru/catalog/zamorojennye-produkty/khleb-vypechka-testo/
163,https://dixy.ru/catalog/zamorojennye-produkty/frukty-yagody/
164,https://dixy.ru/catalog/zamorojennye-produkty/led/
165,https://dixy.ru/catalog/zamorojennye-produkty/nasha-marka/
166,https://dixy.ru/catalog/zamorojennye-produkty/ryba/
167,https://dixy.ru/catalog/zamorojennye-produkty/vareniki/
168,https://dixy.ru/catalog/zamorojennye-produkty/damplingi/
169,https://dixy.ru/catalog/zamorojennye-produkty/kotlety-zamorozka/
170,https://dixy.ru/catalog/zamorojennye-produkty/moreprodukty/
171,https://dixy.ru/catalog/zamorojennye-produkty/myaso-zamorozka/
172,https://dixy.ru/catalog/zamorojennye-produkty/naggetsy-zamorozka/
173,https://dixy.ru/catalog/zamorojennye-produkty/pitstsa-zamorozka/
174,https://dixy.ru/catalog/chay-kofe-kakao/
175,https://dixy.ru/catalog/chay-kofe-kakao/kakao-shokolad/
176,https://dixy.ru/catalog/chay-kofe-kakao/kofe/
177,https://dixy.ru/catalog/chay-kofe-kakao/kofe-v-zernakh/
178,https://dixy.ru/catalog/chay-kofe-kakao/kofe-v-kapsulakh/
179,https://dixy.ru/catalog/chay-kofe-kakao/kofe-molotyy/
180,https://dixy.ru/catalog/chay-kofe-kakao/kofe-rastvorimyy/
181,https://dixy.ru/catalog/chay-kofe-kakao/nasha-marka/
182,https://dixy.ru/catalog/chay-kofe-kakao/chay/
183,https://dixy.ru/catalog/chay-kofe-kakao/chay-v-paketikakh/
184,https://dixy.ru/catalog/chay-kofe-kakao/chay-zelenyy/
185,https://dixy.ru/catalog/chay-kofe-kakao/chay-travyanoy/
186,https://dixy.ru/catalog/chay-kofe-kakao/chay-fruktovyy/
187,https://dixy.ru/catalog/chay-kofe-kakao/chay-chernyy/
188,https://dixy.ru/catalog/bakaleya/
189,https://dixy.ru/catalog/bakaleya/bystro-gotovit/
190,https://dixy.ru/catalog/bakaleya/kashi-zavtraki/
191,https://dixy.ru/catalog/bakaleya/vostochnaya-kukhnya/
192,https://dixy.ru/catalog/bakaleya/makarony-pasta/
193,https://dixy.ru/catalog/bakaleya/krupy-bobovye/
194,https://dixy.ru/catalog/bakaleya/muka-vse-dlya-vypechki/
195,https://dixy.ru/catalog/bakaleya/varene-djemy-siropy/
196,https://dixy.ru/catalog/bakaleya/nasha-marka/
197,https://dixy.ru/catalog/bakaleya/med/
198,https://dixy.ru/catalog/bakaleya/sol/
199,https://dixy.ru/catalog/bakaleya/maslo/
200,https://dixy.ru/catalog/bakaleya/sakhar/
201,https://dixy.ru/catalog/bakaleya/ris/
202,https://dixy.ru/catalog/bakaleya/smesi-dlya-vypechki-dobavki/
203,https://dixy.ru/catalog/ryba-moreprodukty-ikra/
204,https://dixy.ru/catalog/ryba-moreprodukty-ikra/bystro-gotovit/
205,https://dixy.ru/catalog/ryba-moreprodukty-ikra/vyalenaya-sushenaya-ryba/
206,https://dixy.ru/catalog/ryba-moreprodukty-ikra/ikra/
207,https://dixy.ru/catalog/ryba-moreprodukty-ikra/kopchenaya-ryba/
208,https://dixy.ru/catalog/ryba-moreprodukty-ikra/krabovye-palochki/
209,https://dixy.ru/catalog/ryba-moreprodukty-ikra/krevetki-produkty-morya/
210,https://dixy.ru/catalog/ryba-moreprodukty-ikra/morskaya-kapusta/
211,https://dixy.ru/catalog/ryba-moreprodukty-ikra/nasha-marka/
212,https://dixy.ru/catalog/ryba-moreprodukty-ikra/preservy/
213,https://dixy.ru/catalog/ryba-moreprodukty-ikra/ryba-zamorozka/
214,https://dixy.ru/catalog/ryba-moreprodukty-ikra/rybnye-konservy/
215,https://dixy.ru/catalog/ryba-moreprodukty-ikra/kopchenaya-solenaya-ryba/
216,https://dixy.ru/catalog/detskoe-pitanie/
217,https://dixy.ru/catalog/detskoe-pitanie/voda/
218,https://dixy.ru/catalog/detskoe-pitanie/detskie-yogurty/
219,https://dixy.ru/catalog/detskoe-pitanie/detskie-pyure/
220,https://dixy.ru/catalog/detskoe-pitanie/detskie-smesi/
221,https://dixy.ru/catalog/detskoe-pitanie/detskie-soki-i-nektary/
222,https://dixy.ru/catalog/detskoe-pitanie/tvorojki-i-yogurty/
223,https://dixy.ru/catalog/detskoe-pitanie/detskiy-biolakt/
224,https://dixy.ru/catalog/detskoe-pitanie/detskoe-pechene/
225,https://dixy.ru/catalog/detskoe-pitanie/kashi/
226,https://dixy.ru/catalog/detskoe-pitanie/kefir-dlya-detey/
227,https://dixy.ru/catalog/detskoe-pitanie/kiseli-dlya-detey/
228,https://dixy.ru/catalog/detskoe-pitanie/pitevye-produkty/
229,https://dixy.ru/catalog/detskoe-pitanie/molochnye-kokteyli-dlya-detey/
230,https://dixy.ru/catalog/detskoe-pitanie/myasnoe-pyure/
231,https://dixy.ru/catalog/detskoe-pitanie/napitki-detskie/
232,https://dixy.ru/catalog/detskoe-pitanie/nasha-marka/
233,https://dixy.ru/catalog/detskoe-pitanie/ovoshchnoe-pyure/
234,https://dixy.ru/catalog/detskoe-pitanie/perekus/
235,https://dixy.ru/catalog/detskoe-pitanie/fruktovoe-pyure/
236,https://dixy.ru/catalog/sousy-spetsii/
237,https://dixy.ru/catalog/sousy-spetsii/adjika/
238,https://dixy.ru/catalog/sousy-spetsii/gorchitsa-khren/
239,https://dixy.ru/catalog/sousy-spetsii/ketchupy/
240,https://dixy.ru/catalog/sousy-spetsii/mayonez/
241,https://dixy.ru/catalog/sousy-spetsii/nasha-marka/
242,https://dixy.ru/catalog/sousy-spetsii/sousy-ketchupy-pasty/
243,https://dixy.ru/catalog/sousy-spetsii/spetsii-pripravy/
244,https://dixy.ru/catalog/sousy-spetsii/tomatnaya-pasta/
245,https://dixy.ru/catalog/sousy-spetsii/uksus-marinad/
246,https://dixy.ru/catalog/konservy/
247,https://dixy.ru/catalog/konservy/gribnye-konservy/
248,https://dixy.ru/catalog/konservy/myasnye-konservy/
249,https://dixy.ru/catalog/konservy/myasnye-pashtety/
250,https://dixy.ru/catalog/konservy/nasha-marka/
251,https://dixy.ru/catalog/konservy/ovoshchnye-konservy/
252,https://dixy.ru/catalog/konservy/rybnye-konservy/
253,https://dixy.ru/catalog/konservy/solenya/
254,https://dixy.ru/catalog/konservy/tushenka/
255,https://dixy.ru/catalog/konservy/fruktovye-konservy/
256,https://dixy.ru/catalog/konservy/shproty/
257,https://dixy.ru/catalog/tovary-dlya-detey/
258,https://dixy.ru/catalog/tovary-dlya-detey/gigiena-i-ukhod/
259,https://dixy.ru/catalog/tovary-dlya-detey/detskaya-kosmetika/
260,https://dixy.ru/catalog/tovary-dlya-detey/detskaya-odejda-i-obuv/
261,https://dixy.ru/catalog/tovary-dlya-detey/igrushki-tvorchestvo/
262,https://dixy.ru/catalog/tovary-dlya-detey/nasha-marka/
263,https://dixy.ru/catalog/tovary-dlya-detey/podguzniki-i-pelenki/
264,https://dixy.ru/catalog/tovary-dlya-detey/salfetki-vatnye-izdeliya/
265,https://dixy.ru/catalog/dlya-zdorovogo-pitaniya/
266,https://dixy.ru/catalog/dlya-zdorovogo-pitaniya/bez-sakhara/
267,https://dixy.ru/catalog/dlya-zdorovogo-pitaniya/veganskie-produkty/
268,https://dixy.ru/catalog/dlya-zdorovogo-pitaniya/diabeticheskie-produkty/
269,https://dixy.ru/catalog/dlya-zdorovogo-pitaniya/mnogo-proteina/
270,https://dixy.ru/catalog/dlya-zdorovogo-pitaniya/napitki-s-polzoy/
271,https://dixy.ru/catalog/dlya-zdorovogo-pitaniya/nasha-marka/
272,https://dixy.ru/catalog/dlya-zdorovogo-pitaniya/orekhi-sukhofrukty/
273,https://dixy.ru/catalog/dlya-zdorovogo-pitaniya/pitanie-dlya-sporta/
274,https://dixy.ru/catalog/dlya-zdorovogo-pitaniya/rastitelnye-produkty/
275,https://dixy.ru/catalog/dlya-zdorovogo-pitaniya/batonchiki/
276,https://dixy.ru/catalog/dlya-zdorovogo-pitaniya/sneki/
277,https://dixy.ru/catalog/dlya-zdorovogo-pitaniya/sukhie-zavtraki-myusli/
278,https://dixy.ru/catalog/dlya-zdorovogo-pitaniya/khlebtsy/
279,https://dixy.ru/catalog/dlya-zdorovogo-pitaniya/khlopya-kukuruznye/
280,https://dixy.ru/catalog/alkogolnye-napitki/
281,https://dixy.ru/catalog/alkogolnye-napitki/belye-vina/
282,https://dixy.ru/catalog/alkogolnye-napitki/brendi/
283,https://dixy.ru/catalog/alkogolnye-napitki/vermut/
284,https://dixy.ru/catalog/alkogolnye-napitki/vino/
285,https://dixy.ru/catalog/alkogolnye-napitki/viski-burbon-djin/
286,https://dixy.ru/catalog/alkogolnye-napitki/vodka/
287,https://dixy.ru/catalog/alkogolnye-napitki/djin/
288,https://dixy.ru/catalog/alkogolnye-napitki/kokteyli/
289,https://dixy.ru/catalog/alkogolnye-napitki/konyak-brendi/
290,https://dixy.ru/catalog/alkogolnye-napitki/krasnye-vina/
291,https://dixy.ru/catalog/alkogolnye-napitki/kreplenye-vina/
292,https://dixy.ru/catalog/alkogolnye-napitki/aperitivy-liker-balzam/
293,https://dixy.ru/catalog/alkogolnye-napitki/nastoyki/
294,https://dixy.ru/catalog/alkogolnye-napitki/nasha-marka/
295,https://dixy.ru/catalog/alkogolnye-napitki/pivo/
296,https://dixy.ru/catalog/alkogolnye-napitki/plodovye-yagodnye-vina/
297,https://dixy.ru/catalog/alkogolnye-napitki/rozovye-vina/
298,https://dixy.ru/catalog/alkogolnye-napitki/rom/
299,https://dixy.ru/catalog/alkogolnye-napitki/kokteyli-sidr/
300,https://dixy.ru/catalog/alkogolnye-napitki/tekila/
301,https://dixy.ru/catalog/alkogolnye-napitki/shampanskoe/
302,https://dixy.ru/catalog/tovary-dlya-jivotnykh/
303,https://dixy.ru/catalog/tovary-dlya-jivotnykh/vlajnye-korma-dlya-koshek/
304,https://dixy.ru/catalog/tovary-dlya-jivotnykh/vlajnye-korma-dlya-sobak/
305,https://dixy.ru/catalog/tovary-dlya-jivotnykh/dlya-koshek/
306,https://dixy.ru/catalog/tovary-dlya-jivotnykh/dlya-sobak/
307,https://dixy.ru/catalog/tovary-dlya-jivotnykh/lakomstva-dlya-koshek/
308,https://dixy.ru/catalog/tovary-dlya-jivotnykh/lakomstva-dlya-sobak/
309,https://dixy.ru/catalog/tovary-dlya-jivotnykh/nasha-marka/
310,https://dixy.ru/catalog/tovary-dlya-jivotnykh/professionalnye-ratsiony/
311,https://dixy.ru/catalog/tovary-dlya-jivotnykh/sukhie-korma-dlya-koshek/
312,https://dixy.ru/catalog/tovary-dlya-jivotnykh/sukhie-korma-dlya-sobak/
313,https://dixy.ru/catalog/tovary-dlya-jivotnykh/aksessuary/
314,https://dixy.ru/catalog/bytovaya-khimiya/
315,https://dixy.ru/catalog/bytovaya-khimiya/dlya-mytya-posudy/
316,https://dixy.ru/catalog/bytovaya-khimiya/dlya-posudomoek/
317,https://dixy.ru/catalog/bytovaya-khimiya/nasha-marka/
318,https://dixy.ru/catalog/bytovaya-khimiya/osvejiteli/
319,https://dixy.ru/catalog/bytovaya-khimiya/stirka-ukhod-za-belem/
320,https://dixy.ru/catalog/bytovaya-khimiya/ukhod-za-obuvyu-i-odejdoy/
321,https://dixy.ru/catalog/bytovaya-khimiya/chistyashchie-sredstva/
322,https://dixy.ru/catalog/gigiena-i-kosmetika/
323,https://dixy.ru/catalog/gigiena-i-kosmetika/bumajnye-polotentsa/
324,https://dixy.ru/catalog/gigiena-i-kosmetika/dlya-britya-i-depilyatsii/
325,https://dixy.ru/catalog/gigiena-i-kosmetika/dlya-makiyaja/
326,https://dixy.ru/catalog/gigiena-i-kosmetika/jenskaya-gigiena/
327,https://dixy.ru/catalog/gigiena-i-kosmetika/nabory-kosmetiki/
328,https://dixy.ru/catalog/gigiena-i-kosmetika/nasha-marka/
329,https://dixy.ru/catalog/gigiena-i-kosmetika/salfetki-i-nosovye-platki/
330,https://dixy.ru/catalog/gigiena-i-kosmetika/sredstva-dlya-vanny-i-dusha/
331,https://dixy.ru/catalog/gigiena-i-kosmetika/sredstva-kontratseptsii/
332,https://dixy.ru/catalog/gigiena-i-kosmetika/sredstva-lichnoy-gigieny/
333,https://dixy.ru/catalog/gigiena-i-kosmetika/tovary-meditsinskie/
334,https://dixy.ru/catalog/gigiena-i-kosmetika/tualetnaya-bumaga/
335,https://dixy.ru/catalog/gigiena-i-kosmetika/ukhod-za-volosami/
336,https://dixy.ru/catalog/gigiena-i-kosmetika/ukhod-za-litsom-i-telom/
337,https://dixy.ru/catalog/gigiena-i-kosmetika/ukhod-za-polostyu-rta/
338,https://dixy.ru/catalog/tovary-dlya-doma-i-dachi/
339,https://dixy.ru/catalog/tovary-dlya-doma-i-dachi/gazety-jurnaly/
340,https://dixy.ru/catalog/tovary-dlya-doma-i-dachi/dlya-vanny-i-tualeta/
341,https://dixy.ru/catalog/tovary-dlya-doma-i-dachi/dlya-kukhni/
342,https://dixy.ru/catalog/tovary-dlya-doma-i-dachi/dlya-otdykha-i-prazdnika/
343,https://dixy.ru/catalog/tovary-dlya-doma-i-dachi/dlya-sada/
344,https://dixy.ru/catalog/tovary-dlya-doma-i-dachi/dlya-uborki/
345,https://dixy.ru/catalog/tovary-dlya-doma-i-dachi/jivye-tsvety/
346,https://dixy.ru/catalog/tovary-dlya-doma-i-dachi/kants-tovary/
347,https://dixy.ru/catalog/tovary-dlya-doma-i-dachi/nasha-marka/
348,https://dixy.ru/catalog/tovary-dlya-doma-i-dachi/odejda-obuv-prochee/
349,https://dixy.ru/catalog/tovary-dlya-doma-i-dachi/osveshchenie-remont-batareyki/
350,https://dixy.ru/catalog/tovary-dlya-doma-i-dachi/piknik-i-barbekyu/
351,https://dixy.ru/catalog/tovary-dlya-doma-i-dachi/repellenty/
352,https://dixy.ru/catalog/tovary-dlya-doma-i-dachi/tekstil-dekor/
353,https://dixy.ru/catalog/tovary-dlya-doma-i-dachi/tovary-dlya-sporta/
